Election,County,Rwinner,Rmargin,Rparty,RTotalVotes,Rabsentee,RPctAbsentee,Nwinner,Nparty,Nmargin,NTotalVotes,Nabsentee,NPctAbsentee,RPctVotesWinner,RPctVotesLoser,RNoVotesWinner,RNoVotesLoser,NPctVotesWinner,NPctVotesLoser,NNoVotesWinner,NNoVotesLoser,NoTurnoutChange,TurnoutPctChange,MarginChange,WinnerNoChange,WinnerPctChange
SENATE,Appling,Perdue ,56,R,"7,281","4,524",0.62,Perdue ,R,55.6,"8,187","6,104",0.75,78,22,"5,679","1,602",77.8,22.2,"6,369","1,818",-906,-0.11,0.4,-690,-0.11
SENATE,Atkinson,Perdue ,46,R,"2,645","1,448",0.55,Perdue ,R,48.4,"3,097","2,144",0.69,73,27,"1,931",714,74.2,25.8,"2,298",799,-452,-0.15,-2.4,-367,-0.16
SENATE,Bacon,Perdue ,73,R,"4,128","3,134",0.76,Perdue ,R,72.7,"4,590","4,021",0.88,86.5,13.5,"3,571",557,86.35,13.65,"3,963",627,-462,-0.1,0.3,-392,-0.10
SENATE,Baker,Perdue ,12,R,"1,439",899,0.62,Perdue ,R,14.7,"1,534","1,094",0.71,56,44,806,633,57.35,42.65,880,654,-95,-0.06,-2.7,-74,-0.08
SENATE,Baldwin,Ossoff ,4,D,"16,446","12,175",0.74,Perdue ,R,0.5,"18,082","14,622",0.81,52,48,"8,552","7,894",50.25,49.75,"9,086","8,996","-1,636",-0.09,3.5,-534,-0.06
SENATE,Banks,Perdue ,78,R,"7,448","4,980",0.67,Perdue ,R,77.2,"8,725","6,908",0.79,89,11,"6,629",819,88.6,11.4,"7,730",995,"-1,277",-0.15,0.8,-1101,-0.14
SENATE,Barrow,Perdue ,42,R,"32,065","21,588",0.67,Perdue ,R,43.2,"37,627","29,762",0.79,71,29,"22,766","9,299",71.6,28.4,"26,941","10,686","-5,562",-0.15,-1.2,-4175,-0.15
SENATE,Bartow,Perdue ,50,R,"42,974","26,940",0.63,Perdue ,R,50.7,"50,034","37,419",0.75,75,25,"32,231","10,744",75.35,24.65,"37,701","12,333","-7,060",-0.14,-0.7,-5470,-0.15
SENATE,Ben Hill,Perdue ,24,R,"5,713","4,376",0.77,Perdue ,R,27.7,"6,477","5,686",0.88,62,38,"3,542","2,171",63.85,36.15,"4,136","2,341",-764,-0.12,-3.7,-594,-0.14
SENATE,Berrien,Perdue ,66,R,"6,679","3,935",0.59,Perdue ,R,66.4,"7,650","5,471",0.72,83,17,"5,544","1,135",83.2,16.8,"6,365","1,285",-971,-0.13,-0.4,-821,-0.13
SENATE,Bibb,Ossoff ,25,D,"63,465","42,118",0.66,Ossoff ,D,21.8,"69,987","52,909",0.76,62.5,37.5,"39,666","23,799",60.9,39.1,"42,622","27,365","-6,522",-0.09,3.2,-2956,-0.07
SENATE,Bleckley,Perdue ,53,R,"5,110","3,457",0.68,Perdue ,R,53.7,"5,644","4,386",0.78,76.5,23.5,"3,909","1,201",76.85,23.15,"4,337","1,307",-534,-0.09,-0.7,-428,-0.10
SENATE,Brantley,Perdue ,81,R,"6,618","3,885",0.59,Perdue ,R,80.4,"7,616","5,475",0.72,90.5,9.5,"5,989",629,90.2,9.8,"6,870",746,-998,-0.13,0.6,-881,-0.13
SENATE,Brooks,Perdue ,21,R,"6,216","3,902",0.63,Perdue ,R,23.6,"6,976","5,024",0.72,60.5,39.5,"3,761","2,455",61.8,38.2,"4,311","2,665",-760,-0.11,-2.6,-550,-0.13
SENATE,Bryan,Perdue ,35,R,"18,616","13,554",0.73,Perdue ,R,35.8,"21,163","17,639",0.83,67.5,32.5,"12,566","6,050",67.9,32.1,"14,370","6,793","-2,547",-0.12,-0.8,-1804,-0.13
SENATE,Bulloch,Perdue ,25,R,"26,143","15,419",0.59,Perdue ,R,24.8,"29,793","20,488",0.69,62.5,37.5,"16,339","9,804",62.4,37.6,"18,591","11,202","-3,650",-0.12,0.2,-2252,-0.12
SENATE,Burke,Perdue ,1.3,R,"9,492","5,622",0.59,Perdue ,R,4,"10,560","7,115",0.67,50.65,49.35,"4,808","4,684",52,48,"5,491","5,069","-1,068",-0.1,-2.7,-683,-0.12
SENATE,Butts,Perdue ,41,R,"10,209","7,722",0.76,Perdue ,R,44.5,"11,690","10,446",0.89,70.5,29.5,"7,197","3,012",72.25,27.75,"8,446","3,244","-1,481",-0.13,-3.5,-1249,-0.15
SENATE,Calhoun,Ossoff ,18,D,"2,030","1,362",0.67,Ossoff ,D,12.8,"2,172","1,528",0.7,59,41,"1,198",832,56.4,43.6,"1,225",947,-142,-0.07,5.2,-27,-0.02
SENATE,Camden,Perdue ,31,R,"19,871","12,654",0.64,Perdue ,R,32.2,"23,349","18,420",0.79,65.5,34.5,"13,016","6,855",66.1,33.9,"15,434","7,915","-3,478",-0.15,-1.2,-2418,-0.16
SENATE,Candler,Perdue ,42,R,"3,915","2,854",0.73,Perdue ,R,42.2,"4,370","2,250",0.51,71,29,"2,780","1,135",71.1,28.9,"3,107","1,263",-455,-0.1,-0.2,-327,-0.11
SENATE,Carroll,Perdue ,38,R,"47,163","27,602",0.59,Perdue ,R,39.7,"53,973","39,627",0.73,69,31,"32,542","14,621",69.85,30.15,"37,700","16,273","-6,810",-0.13,-1.7,-5158,-0.14
SENATE,Catoosa,Perdue ,57,R,"27,766","18,417",0.66,Perdue ,R,55.8,"32,212","25,882",0.8,78.5,21.5,"21,796","5,970",77.9,22.1,"25,093","7,119","-4,446",-0.14,1.2,-3297,-0.13
SENATE,Charlton,Perdue ,51,R,"3,911","2,325",0.59,Perdue ,R,52.3,"4,477","3,126",0.7,75.5,24.5,"2,953",958,76.15,23.85,"3,409","1,068",-566,-0.13,-1.3,-456,-0.13
SENATE,Chatham,Ossoff ,19,D,"121,246","75,850",0.63,Ossoff ,D,17.4,"131,847","94,558",0.72,59.5,40.5,"72,141","49,105",58.7,41.3,"77,394","54,453","-10,601",-0.08,1.6,-5253,-0.07
SENATE,Chattahoochee,Perdue ,8,R,"1,322",832,0.63,Perdue ,R,13.8,"1,548","1,094",0.71,54,46,714,608,56.9,43.1,881,667,-226,-0.15,-5.8,-167,-0.19
SENATE,Chattooga,Perdue ,59,R,"8,231","4,939",0.6,Perdue ,R,59.3,"9,938","7,077",0.71,79.5,20.5,"6,544","1,687",79.65,20.35,"7,916","2,022","-1,707",-0.17,-0.3,-1372,-0.17
SENATE,Cherokee,Perdue ,41,R,"127,872","77,117",0.6,Perdue ,R,41.4,"143,526","112,262",0.78,70.5,29.5,"90,150","37,722",70.7,29.3,"101,473","42,053","-15,654",-0.11,-0.4,-11323,-0.11
SENATE,Clarke,Ossoff ,42,D,"46,212","34,340",0.74,Ossoff ,D,38.2,"50,950","41,876",0.82,71,29,"32,811","13,401",69.1,30.9,"35,206","15,744","-4,738",-0.09,3.8,-2395,-0.07
SENATE,Clay,Ossoff ,11,D,"1,311",922,0.7,Ossoff ,D,7.1,"1,416","1,117",0.79,55.5,44.5,728,583,53.55,46.45,758,658,-105,-0.07,3.9,-30,-0.04
SENATE,Clayton,Ossoff ,77,D,"102,922","79,445",0.77,Ossoff ,D,71,"111,045","90,234",0.81,88.5,11.5,"91,086","11,836",85.5,14.5,"94,943","16,102","-8,123",-0.07,6,-3857,-0.04
SENATE,Clinch,Perdue ,50,R,"2,454","1,486",0.61,Perdue ,R,50.9,"2,797","1,963",0.7,75,25,"1,841",614,75.45,24.55,"2,110",687,-343,-0.12,-0.9,-269,-0.13
SENATE,Cobb,Ossoff ,12,D,"358,662","241,579",0.67,Ossoff ,D,10.5,"390,772","319,681",0.82,56,44,"200,851","157,811",55.25,44.75,"215,902","174,870","-32,110",-0.08,1.5,-15051,-0.07
SENATE,Coffee,Perdue ,39,R,"13,212","8,679",0.66,Perdue ,R,41,"14,991","11,292",0.75,69.5,30.5,"9,182","4,030",70.5,29.5,"10,569","4,422","-1,779",-0.12,-2,-1387,-0.13
SENATE,Colquitt,Perdue ,47,R,"14,053","7,847",0.56,Perdue ,R,48.2,"15,891","10,482",0.66,73.5,26.5,"10,329","3,724",74.1,25.9,"11,775","4,116","-1,838",-0.12,-1.2,-1446,-0.12
SENATE,Columbia,Perdue ,27,R,"72,164","48,313",0.67,Perdue ,R,28.1,"79,907","61,020",0.76,63.5,36.5,"45,824","26,340",64.05,35.95,"51,180","28,727","-7,743",-0.1,-1.1,-5356,-0.10
SENATE,Cook,Perdue ,39,R,"6,207","4,143",0.67,Perdue ,R,41.6,"6,972","5,305",0.76,69.5,30.5,"4,314","1,893",70.8,29.2,"4,936","2,036",-765,-0.11,-2.6,-622,-0.13
SENATE,Coweta,Perdue ,36,R,"67,303","39,696",0.59,Perdue ,R,37.3,"76,122","52,012",0.68,68,32,"45,766","21,537",68.65,31.35,"52,258","23,864","-8,819",-0.12,-1.3,-6492,-0.12
SENATE,Crawford,Perdue ,45,R,"5,365","3,538",0.66,Perdue ,R,46,"6,026","4,597",0.76,72.5,27.5,"3,890","1,475",73,27,"4,399","1,627",-661,-0.11,-1,-509,-0.12
SENATE,Crisp,Perdue ,25,R,"7,135","5,119",0.72,Perdue ,R,28.1,"7,980","6,411",0.8,62.5,37.5,"4,459","2,676",64.05,35.95,"5,111","2,869",-845,-0.11,-3.1,-652,-0.13
SENATE,Dade,Perdue ,64,R,"6,358","3,833",0.6,Perdue ,R,63,"7,332","5,042",0.69,82,18,"5,214","1,144",81.5,18.5,"5,976","1,356",-974,-0.13,1,-762,-0.13
SENATE,Dawson,Perdue ,69,R,"14,389","10,705",0.74,Perdue ,R,68.6,"15,924","13,278",0.83,84.5,15.5,"12,159","2,230",84.3,15.7,"13,424","2,500","-1,535",-0.1,0.4,-1265,-0.09
SENATE,Decatur,Perdue ,18,R,"10,046","6,726",0.67,Perdue ,R,18.6,"11,449","9,169",0.8,59,41,"5,927","4,119",59.3,40.7,"6,789","4,660","-1,403",-0.12,-0.6,-862,-0.13
SENATE,DeKalb,Ossoff ,67,D,"349,341","283,291",0.81,Ossoff ,D,64.4,"367,643","319,141",0.87,83.5,16.5,"291,700","57,641",82.2,17.8,"302,203","65,440","-18,302",-0.05,2.6,-10503,-0.03
SENATE,Dodge,Perdue ,44,R,"7,176","4,086",0.57,Perdue ,R,47.4,"7,952","5,062",0.64,72,28,"5,167","2,009",73.7,26.3,"5,861","2,091",-776,-0.1,-3.4,-694,-0.12
SENATE,Dooly,Perdue ,4,R,"3,740","2,479",0.66,Perdue ,R,8.2,"4,059","3,103",0.76,52,48,"1,945","1,795",54.1,45.9,"2,196","1,863",-319,-0.08,-4.2,-251,-0.11
SENATE,Dougherty,Ossoff ,42,D,"32,091","20,043",0.62,Ossoff ,D,37.9,"34,911","23,105",0.66,71,29,"22,785","9,306",68.95,31.05,"24,071","10,840","-2,820",-0.08,4.1,-1286,-0.05
SENATE,Douglas,Ossoff ,30,D,"62,368","48,550",0.78,Ossoff ,D,24.5,"68,441","57,320",0.84,65,35,"40,539","21,829",62.25,37.75,"42,605","25,836","-6,073",-0.09,5.5,-2066,-0.05
SENATE,Early,Perdue ,4,R,"4,550","2,851",0.63,Perdue ,R,11,"5,105","3,661",0.72,52,48,"2,366","2,184",55.5,44.5,"2,833","2,272",-555,-0.11,-7,-467,-0.16
SENATE,Echols,Perdue ,78,R,"1,187",806,0.68,Perdue ,R,75.5,"1,418","1,161",0.82,89,11,"1,056",131,87.75,12.25,"1,244",174,-231,-0.16,2.5,-188,-0.15
SENATE,Effingham,Perdue ,49,R,"27,827","16,429",0.59,Perdue ,R,48.5,"31,319","21,961",0.7,74.5,25.5,"20,731","7,096",74.25,25.75,"23,254","8,065","-3,492",-0.11,0.5,-2523,-0.11
SENATE,Elbert,Perdue ,38,R,"8,014","5,072",0.63,Perdue ,R,38.7,"9,075","6,695",0.74,69,31,"5,530","2,484",69.35,30.65,"6,294","2,781","-1,061",-0.12,-0.7,-764,-0.12
SENATE,Emanuel,Perdue ,39,R,"8,354","4,699",0.56,Perdue ,R,40.5,"9,368","5,992",0.64,69.5,30.5,"5,806","2,548",70.25,29.75,"6,581","2,787","-1,014",-0.11,-1.5,-775,-0.12
SENATE,Evans,Perdue ,36,R,"3,737","2,767",0.74,Perdue ,R,38.8,"4,191","3,485",0.83,68,32,"2,541","1,196",69.4,30.6,"2,909","1,282",-454,-0.11,-2.8,-368,-0.13
SENATE,Fannin,Perdue ,65,R,"13,448","8,142",0.61,Perdue ,R,65.1,"14,686","10,098",0.69,82.5,17.5,"11,095","2,353",82.55,17.45,"12,123","2,563","-1,238",-0.08,-0.1,-1028,-0.08
SENATE,Fayette,Perdue ,8,R,"67,401","50,695",0.75,Perdue ,R,9.7,"71,470","61,288",0.86,54,46,"36,397","31,004",54.85,45.15,"39,201","32,269","-4,069",-0.06,-1.7,-2804,-0.07
SENATE,Floyd,Perdue ,40,R,"35,784","21,831",0.61,Perdue ,R,41.8,"41,288","30,904",0.75,70,30,"25,049","10,735",70.9,29.1,"29,273","12,015","-5,504",-0.13,-1.8,-4224,-0.14
SENATE,Forsyth,Perdue ,36,R,"115,199","86,965",0.75,Perdue ,R,36.2,"128,267","114,715",0.89,68,32,"78,335","36,864",68.1,31.9,"87,350","40,917","-13,068",-0.1,-0.2,-9015,-0.10
SENATE,Franklin,Perdue ,71,R,"9,194","5,546",0.6,Perdue ,R,70.6,"10,659","7,994",0.75,85.5,14.5,"7,861","1,333",85.3,14.7,"9,092","1,567","-1,465",-0.14,0.4,-1231,-0.14
SENATE,Fulton,Ossoff ,43,D,"488,101","382,883",0.78,Ossoff ,D,41.6,"520,778","457,996",0.88,71.5,28.5,"348,992","139,109",70.8,29.2,"368,711","152,067","-32,677",-0.06,1.4,-19719,-0.05
SENATE,Gilmer,Perdue ,64,R,"14,827","9,227",0.62,Perdue ,R,64.3,"16,307","11,448",0.7,82,18,"12,158","2,669",82.15,17.85,"13,396","2,911","-1,480",-0.09,-0.3,-1238,-0.09
SENATE,Glascock,Perdue ,80,R,"1,364",825,0.6,Perdue ,R,79,"1,540","1,095",0.71,90,10,"1,228",136,89.5,10.5,"1,378",162,-176,-0.11,1,-150,-0.11
SENATE,Glynn,Perdue ,25,R,"37,452","27,931",0.75,Perdue ,R,25.6,"41,468","34,446",0.83,62.5,37.5,"23,408","14,045",62.8,37.2,"26,042","15,426","-4,016",-0.1,-0.6,-2634,-0.10
SENATE,Gordon,Perdue ,62,R,"20,352","11,467",0.56,Perdue ,R,62.4,"23,766","15,707",0.66,81,19,"16,485","3,867",81.2,18.8,"19,298","4,468","-3,414",-0.14,-0.4,-2813,-0.15
SENATE,Grady,Perdue ,34,R,"9,328","5,880",0.63,Perdue ,R,33.1,"10,580","7,890",0.75,67,33,"6,250","3,078",66.55,33.45,"7,041","3,539","-1,252",-0.12,0.9,-791,-0.11
SENATE,Greene,Perdue ,30,R,"10,620","8,410",0.79,Perdue ,R,31.2,"11,162","9,701",0.87,65,35,"6,903","3,717",65.6,34.4,"7,322","3,840",-542,-0.05,-1.2,-419,-0.06
SENATE,Gwinnett,Ossoff ,20,D,"369,909","272,234",0.74,Ossoff ,D,16.2,"411,206","337,729",0.82,60,40,"221,945","147,964",58.1,41.9,"238,911","172,295","-41,297",-0.1,3.8,-16966,-0.07
SENATE,Habersham,Perdue ,65,R,"18,031","13,643",0.76,Perdue ,R,64.4,"20,259","17,052",0.84,82.5,17.5,"14,876","3,155",82.2,17.8,"16,653","3,606","-2,228",-0.11,0.6,-1777,-0.11
SENATE,Hall,Perdue ,45,R,"79,040","53,093",0.67,Perdue ,R,44.9,"89,787","74,400",0.83,72.5,27.5,"57,304","21,736",72.45,27.55,"65,051","24,736","-10,747",-0.12,0.1,-7747,-0.12
SENATE,Hancock,Ossoff ,45,D,"3,836","2,883",0.75,Ossoff ,D,41.1,"4,097","3,192",0.78,72.5,27.5,"2,781","1,055",70.55,29.45,"2,890","1,207",-261,-0.06,3.9,-109,-0.04
SENATE,Haralson,Perdue ,74,R,"12,163","6,662",0.55,Perdue ,R,72.5,"14,135","9,439",0.67,87,13,"10,582","1,581",86.25,13.75,"12,191","1,944","-1,972",-0.14,1.5,-1609,-0.13
SENATE,Harris,Perdue ,45,R,"18,283","10,444",0.57,Perdue ,R,45.8,"19,854","12,875",0.65,72.5,27.5,"13,255","5,028",72.9,27.1,"14,474","5,380","-1,571",-0.08,-0.8,-1219,-0.08
SENATE,Hart,Perdue ,49,R,"11,205","7,282",0.65,Perdue ,R,51.4,"12,532","9,607",0.77,74.5,25.5,"8,348","2,857",75.7,24.3,"9,487","3,045","-1,327",-0.11,-2.4,-1139,-0.12
SENATE,Heard,Perdue ,67,R,"4,675","2,613",0.56,Perdue ,R,67.7,"5,333","3,495",0.66,83.5,16.5,"3,904",771,83.85,16.15,"4,472",861,-658,-0.12,-0.7,-568,-0.13
SENATE,Henry,Ossoff ,25,D,"109,380","83,327",0.76,Ossoff ,D,19.8,"121,709","104,925",0.86,62.5,37.5,"68,363","41,018",59.9,40.1,"72,904","48,805","-12,329",-0.1,5.2,-4541,-0.06
SENATE,Houston,Perdue ,11,R,"66,387","47,228",0.71,Perdue ,R,14.1,"74,162","55,678",0.75,55.5,44.5,"36,845","29,542",57.05,42.95,"42,309","31,853","-7,775",-0.1,-3.1,-5464,-0.13
SENATE,Irwin,Perdue ,51,R,"3,616","2,432",0.67,Perdue ,R,51,"4,144","3,250",0.78,75.5,24.5,"2,730",886,75.5,24.5,"3,129","1,015",-528,-0.13,0,-399,-0.13
SENATE,Jackson,Perdue ,58,R,"32,578","22,207",0.68,Perdue ,R,58.6,"37,383","31,227",0.84,79,21,"25,737","6,841",79.3,20.7,"29,645","7,738","-4,805",-0.13,-0.6,-3908,-0.13
SENATE,Jasper,Perdue ,51,R,"6,800","4,521",0.66,Perdue ,R,53.5,"7,592","5,723",0.75,75.5,24.5,"5,134","1,666",76.75,23.25,"5,827","1,765",-792,-0.1,-2.5,-693,-0.12
SENATE,Jeff Davis,Perdue ,63,R,"5,086","3,032",0.6,Perdue ,R,62.5,"5,698","4,032",0.71,81.5,18.5,"4,145",941,81.25,18.75,"4,630","1,068",-612,-0.11,0.5,-485,-0.10
SENATE,Jefferson,Ossoff ,8,D,"6,926","4,327",0.62,Ossoff ,D,5,"7,554","5,380",0.71,54,46,"3,740","3,186",52.5,47.5,"3,966","3,588",-628,-0.08,3,-226,-0.06
SENATE,Jenkins,Perdue ,25,R,"3,116","2,104",0.68,Perdue ,R,28.3,"3,400","2,518",0.74,62.5,37.5,"1,948","1,169",64.15,35.85,"2,181","1,219",-284,-0.08,-3.3,-233,-0.11
SENATE,Johnson,Perdue ,42,R,"3,573","2,367",0.66,Perdue ,R,40.7,"4,034","3,054",0.76,71,29,"2,537","1,036",70.35,29.65,"2,838","1,196",-461,-0.11,1.3,-301,-0.11
SENATE,Jones,Perdue ,32,R,"13,332","8,171",0.61,Perdue ,R,34.8,"14,842","10,938",0.74,66,34,"8,799","4,533",67.4,32.6,"10,004","4,838","-1,510",-0.1,-2.8,-1205,-0.12
SENATE,Lamar,Perdue ,40,R,"7,983","4,780",0.6,Perdue ,R,41.9,"8,988","6,719",0.75,70,30,"5,588","2,395",70.95,29.05,"6,377","2,611","-1,005",-0.11,-1.9,-789,-0.12
SENATE,Lanier,Perdue ,40,R,"3,032","2,067",0.68,Perdue ,R,43.7,"3,519","2,831",0.8,70,30,"2,122",910,71.85,28.15,"2,528",991,-487,-0.14,-3.7,-406,-0.16
SENATE,Laurens,Perdue ,27,R,"20,244","11,624",0.57,Perdue ,R,29.7,"22,474","14,914",0.66,63.5,36.5,"12,855","7,389",64.85,35.15,"14,574","7,900","-2,230",-0.1,-2.7,-1719,-0.12
SENATE,Lee,Perdue ,43,R,"14,890","9,436",0.63,Perdue ,R,44.9,"16,559","12,573",0.76,71.5,28.5,"10,646","4,244",72.45,27.55,"11,997","4,562","-1,669",-0.1,-1.9,-1351,-0.11
SENATE,Liberty,Ossoff ,29,D,"18,315","13,969",0.76,Ossoff ,D,23.7,"21,091","17,631",0.84,64.5,35.5,"11,813","6,502",61.85,38.15,"13,045","8,046","-2,776",-0.13,5.3,-1232,-0.09
SENATE,Lincoln,Perdue ,38,R,"4,217","2,793",0.66,Perdue ,R,38.5,"4,593","3,414",0.74,69,31,"2,910","1,307",69.25,30.75,"3,181","1,412",-376,-0.08,-0.5,-271,-0.09
SENATE,Long,Perdue ,23,R,"4,633","2,805",0.61,Perdue ,R,24.4,"5,581","4,043",0.72,61.5,38.5,"2,849","1,784",62.2,37.8,"3,471","2,110",-948,-0.17,-1.4,-622,-0.18
SENATE,Lowndes,Perdue ,13,R,"39,833","27,988",0.7,Perdue ,R,14.2,"45,772","36,978",0.81,56.5,43.5,"22,506","17,327",57.1,42.9,"26,136","19,636","-5,939",-0.13,-1.2,-3630,-0.14
SENATE,Lumpkin,Perdue ,59,R,"13,697","10,301",0.75,Perdue ,R,58.7,"15,363","12,964",0.84,79.5,20.5,"10,889","2,808",79.35,20.65,"12,191","3,172","-1,666",-0.11,0.3,-1302,-0.11
SENATE,Macon,Ossoff ,25,D,"4,263","3,101",0.73,Ossoff ,D,20.5,"4,593","3,554",0.77,62.5,37.5,"2,664","1,599",60.25,39.75,"2,767","1,826",-330,-0.07,4.5,-103,-0.04
SENATE,Madison,Perdue ,53,R,"13,199","8,236",0.62,Perdue ,R,52.9,"14,798","10,499",0.71,76.5,23.5,"10,097","3,102",76.45,23.55,"11,313","3,485","-1,599",-0.11,0.1,-1216,-0.11
SENATE,Marion,Perdue ,24,R,"3,215","2,084",0.65,Perdue ,R,27.3,"3,599","2,611",0.73,62,38,"1,993","1,222",63.65,36.35,"2,291","1,308",-384,-0.11,-3.3,-298,-0.13
SENATE,McDuffie,Perdue ,19,R,"9,235","6,963",0.75,Perdue ,R,21.5,"10,370","8,908",0.86,59.5,40.5,"5,495","3,740",60.75,39.25,"6,300","4,070","-1,135",-0.11,-2.5,-805,-0.13
SENATE,McIntosh,Perdue ,19,R,"5,938","4,376",0.74,Perdue ,R,22.3,"6,602","5,326",0.81,59.5,40.5,"3,533","2,405",61.15,38.85,"4,037","2,565",-664,-0.1,-3.3,-504,-0.12
SENATE,Meriwether,Perdue ,18,R,"9,845","5,875",0.6,Perdue ,R,21.3,"10,778","7,336",0.68,59,41,"5,809","4,036",60.65,39.35,"6,537","4,241",-933,-0.09,-3.3,-728,-0.11
SENATE,Miller,Perdue ,47,R,"2,450","1,656",0.68,Perdue ,R,48.9,"2,781","2,074",0.75,73.5,26.5,"1,801",649,74.45,25.55,"2,070",711,-331,-0.12,-1.9,-269,-0.13
SENATE,Mitchell,Perdue ,10,R,"7,855","5,116",0.65,Perdue ,R,12.3,"8,871","6,488",0.73,55,45,"4,320","3,535",56.15,43.85,"4,981","3,890","-1,016",-0.11,-2.3,-661,-0.13
SENATE,Monroe,Perdue ,43,R,"14,111","9,333",0.66,Perdue ,R,43.6,"15,428","11,602",0.75,71.5,28.5,"10,089","4,022",71.8,28.2,"11,077","4,351","-1,317",-0.09,-0.6,-988,-0.09
SENATE,Montgomery,Perdue ,50,R,"3,519","1,916",0.54,Perdue ,R,50.9,"3,920","2,554",0.65,75,25,"2,639",880,75.45,24.55,"2,958",962,-401,-0.1,-0.9,-319,-0.11
SENATE,Morgan,Perdue ,43,R,"10,827","7,655",0.71,Perdue ,R,43.9,"11,627","9,221",0.79,71.5,28.5,"7,741","3,086",71.95,28.05,"8,366","3,261",-800,-0.07,-0.9,-625,-0.07
SENATE,Murray,Perdue ,69,R,"12,999","7,562",0.58,Perdue ,R,67.3,"15,151","10,721",0.71,84.5,15.5,"10,984","2,015",83.65,16.35,"12,674","2,477","-2,152",-0.14,1.7,-1690,-0.13
SENATE,Muscogee,Ossoff ,26,D,"71,501","54,708",0.77,Ossoff ,D,21.8,"79,550","66,126",0.83,63,37,"45,046","26,455",60.9,39.1,"48,446","31,104","-8,049",-0.1,4.2,-3400,-0.07
SENATE,Newton,Ossoff ,15,D,"48,797","32,650",0.67,Ossoff ,D,10.8,"53,778","35,830",0.67,57.5,42.5,"28,058","20,739",55.4,44.6,"29,793","23,985","-4,981",-0.09,4.2,-1735,-0.06
SENATE,Oconee,Perdue ,38,R,"23,542","17,847",0.76,Perdue ,R,38.4,"25,142","21,603",0.86,69,31,"16,244","7,298",69.2,30.8,"17,398","7,744","-1,600",-0.06,-0.4,-1154,-0.07
SENATE,Oglethorpe,Perdue ,38,R,"7,222","5,242",0.73,Perdue ,R,39.4,"8,057","6,556",0.81,69,31,"4,983","2,239",69.7,30.3,"5,616","2,441",-835,-0.1,-1.4,-633,-0.11
SENATE,Paulding,Perdue ,27,R,"73,955","53,007",0.72,Perdue ,R,29.2,"84,548","70,685",0.84,63.5,36.5,"46,961","26,994",64.6,35.4,"54,618","29,930","-10,593",-0.13,-2.2,-7657,-0.14
SENATE,Peach,Perdue ,3,R,"11,052","8,489",0.77,Perdue ,R,6.3,"12,432","10,610",0.85,51.5,48.5,"5,692","5,360",53.15,46.85,"6,608","5,824","-1,380",-0.11,-3.3,-916,-0.14
SENATE,Pickens,Perdue ,66,R,"15,149","7,691",0.51,Perdue ,R,65.9,"16,969","10,216",0.6,83,17,"12,574","2,575",82.95,17.05,"14,076","2,893","-1,820",-0.11,0.1,-1502,-0.11
SENATE,Pierce,Perdue ,76,R,"7,928","5,461",0.69,Perdue ,R,76.1,"8,941","7,605",0.85,88,12,"6,977",951,88.05,11.95,"7,873","1,068","-1,013",-0.11,-0.1,-896,-0.11
SENATE,Pike,Perdue ,72,R,"9,638","5,821",0.6,Perdue ,R,71.5,"10,649","7,999",0.75,86,14,"8,289","1,349",85.75,14.25,"9,132","1,517","-1,011",-0.09,0.5,-843,-0.09
SENATE,Polk,Perdue ,55,R,"14,851","10,282",0.69,Perdue ,R,56.5,"17,235","13,728",0.8,77.5,22.5,"11,510","3,341",78.25,21.75,"13,486","3,749","-2,384",-0.14,-1.5,-1976,-0.15
SENATE,Pulaski,Perdue ,39,R,"3,682","2,811",0.76,Perdue ,R,41.1,"4,005","3,503",0.87,69.5,30.5,"2,559","1,123",70.55,29.45,"2,826","1,179",-323,-0.08,-2.1,-267,-0.09
SENATE,Putnam,Perdue ,42,R,"10,836","8,090",0.75,Perdue ,R,42.3,"11,767","9,713",0.83,71,29,"7,694","3,142",71.15,28.85,"8,372","3,395",-931,-0.08,-0.3,-678,-0.08
SENATE,Quitman,Perdue ,8,R,"1,011",655,0.65,Perdue ,R,12,"1,086",762,0.7,54,46,546,465,56,44,608,478,-75,-0.07,-4,-62,-0.10
SENATE,Rabun,Perdue ,57,R,"8,407","6,800",0.81,Perdue ,R,58.8,"9,472","8,051",0.85,78.5,21.5,"6,599","1,808",79.4,20.6,"7,521","1,951","-1,065",-0.11,-1.8,-922,-0.12
SENATE,Randolph,Ossoff ,13,D,"2,962","2,118",0.72,Ossoff ,D,6.6,"3,041","2,313",0.76,56.5,43.5,"1,674","1,288",53.3,46.7,"1,621","1,420",-79,-0.03,6.4,53,0.03
SENATE,Richmond,Ossoff ,39,D,"77,228","53,327",0.69,Ossoff ,D,34.6,"85,968","64,967",0.76,69.5,30.5,"53,673","23,555",67.3,32.7,"57,856","28,112","-8,740",-0.1,4.4,-4183,-0.07
SENATE,Rockdale,Ossoff ,45,D,"40,707","31,595",0.78,Ossoff ,D,40.5,"44,263","38,020",0.86,72.5,27.5,"29,513","11,194",70.25,29.75,"31,095","13,168","-3,556",-0.08,4.5,-1582,-0.05
SENATE,Schley,Perdue ,58,R,"2,058","1,470",0.71,Perdue ,R,59.6,"2,256","1,882",0.83,79,21,"1,626",432,79.8,20.2,"1,800",456,-198,-0.09,-1.6,-174,-0.10
SENATE,Screven,Perdue ,19,R,"5,917","3,747",0.63,Perdue ,R,19.9,"6,547","4,657",0.71,59.5,40.5,"3,521","2,396",59.95,40.05,"3,925","2,622",-630,-0.1,-0.9,-404,-0.10
SENATE,Seminole,Perdue ,34,R,"3,498","1,950",0.56,Perdue ,R,36.7,"3,838","2,592",0.68,67,33,"2,344","1,154",68.35,31.65,"2,623","1,215",-340,-0.09,-2.7,-279,-0.11
SENATE,Spalding,Perdue ,19,R,"26,923","18,782",0.7,Perdue ,R,21.5,"29,764","20,959",0.7,59.5,40.5,"16,019","10,904",60.75,39.25,"18,082","11,682","-2,841",-0.1,-2.5,-2063,-0.11
SENATE,Stephens,Perdue ,59,R,"10,037","7,929",0.79,Perdue ,R,60.9,"11,768","10,217",0.87,79.5,20.5,"7,979","2,058",80.45,19.55,"9,467","2,301","-1,731",-0.15,-1.9,-1488,-0.16
SENATE,Stewart,Ossoff ,24,D,"1,802","1,216",0.67,Ossoff ,D,16,"1,953","1,421",0.73,62,38,"1,117",685,58,42,"1,133",820,-151,-0.08,8,-16,-0.01
SENATE,Sumter,Ossoff ,6,D,"11,077","8,010",0.72,Ossoff ,D,3.1,"12,022","9,323",0.78,53,47,"5,871","5,206",51.55,48.45,"6,197","5,825",-945,-0.08,2.9,-326,-0.05
SENATE,Talbot,Ossoff ,22,D,"3,187","2,059",0.65,Ossoff ,D,18.2,"3,450","2,438",0.71,61,39,"1,944","1,243",59.1,40.9,"2,039","1,411",-263,-0.08,3.8,-95,-0.05
SENATE,Taliaferro,Ossoff ,21,D,845,589,0.7,Ossoff ,D,17.2,902,704,0.78,60.5,39.5,511,334,58.6,41.4,529,373,-57,-0.06,3.8,-18,-0.03
SENATE,Tattnall,Perdue ,48,R,"7,216","4,503",0.62,Perdue ,R,49.1,"8,091","6,130",0.76,74,26,"5,340","1,876",74.55,25.45,"6,032","2,059",-875,-0.11,-1.1,-692,-0.11
SENATE,Taylor,Perdue ,22,R,"3,468","2,394",0.69,Perdue ,R,28.7,"3,792","3,147",0.83,61,39,"2,115","1,353",64.35,35.65,"2,440","1,352",-324,-0.09,-6.7,-325,-0.13
SENATE,Telfair,Perdue ,30,R,"3,845","2,402",0.62,Perdue ,R,30.9,"4,255","2,979",0.7,65,35,"2,499","1,346",65.45,34.55,"2,785","1,470",-410,-0.1,-0.9,-286,-0.10
SENATE,Terrell,Ossoff ,9,D,"4,124","2,742",0.66,Ossoff ,D,5.4,"4,375","3,133",0.72,54.5,45.5,"2,248","1,876",52.7,47.3,"2,306","2,069",-251,-0.06,3.6,-58,-0.03
SENATE,Thomas,Perdue ,20,R,"19,224","13,861",0.72,Perdue ,R,22.5,"21,600","17,362",0.8,60,40,"11,534","7,690",61.25,38.75,"13,230","8,370","-2,376",-0.11,-2.5,-1696,-0.13
SENATE,Tift,Perdue ,34,R,"14,407","9,617",0.67,Perdue ,R,36.4,"16,092","12,206",0.76,67,33,"9,653","4,754",68.2,31.8,"10,975","5,117","-1,685",-0.1,-2.4,-1322,-0.12
SENATE,Toombs,Perdue ,47,R,"9,388","6,506",0.69,Perdue ,R,45.9,"10,798","8,393",0.78,73.5,26.5,"6,900","2,488",72.95,27.05,"7,877","2,921","-1,410",-0.13,1.1,-977,-0.12
SENATE,Towns,Perdue ,61,R,"7,236","5,697",0.79,Perdue ,R,61.4,"7,888","6,767",0.86,80.5,19.5,"5,825","1,411",80.7,19.3,"6,366","1,522",-652,-0.08,-0.4,-541,-0.08
SENATE,Treutlen,Perdue ,37,R,"2,706","1,922",0.71,Perdue ,R,39.2,"3,023","2,481",0.82,68.5,31.5,"1,854",852,69.6,30.4,"2,104",919,-317,-0.1,-2.2,-250,-0.12
SENATE,Troup,Perdue ,20,R,"26,292","17,389",0.66,Perdue ,R,23.7,"29,809","22,146",0.74,60,40,"15,775","10,517",61.85,38.15,"18,437","11,372","-3,517",-0.12,-3.7,-2662,-0.14
SENATE,Turner,Perdue ,23,R,"3,410","2,488",0.73,Perdue ,R,26.4,"3,741","3,031",0.81,61.5,38.5,"2,097","1,313",63.2,36.8,"2,364","1,377",-331,-0.09,-3.4,-267,-0.11
SENATE,Twiggs,Perdue ,5,R,"3,933","2,437",0.62,Perdue ,R,7.6,"4,381","3,106",0.71,52.5,47.5,"2,065","1,868",53.8,46.2,"2,357","2,024",-448,-0.1,-2.6,-292,-0.12
SENATE,Union,Perdue ,64,R,"14,183","9,863",0.7,Perdue ,R,63.8,"15,378","11,646",0.76,82,18,"11,630","2,553",81.9,18.1,"12,595","2,783","-1,195",-0.08,0.2,-965,-0.08
SENATE,Upson,Perdue ,31,R,"11,175","7,927",0.71,Perdue ,R,35.7,"12,784","10,754",0.84,65.5,34.5,"7,320","3,855",67.85,32.15,"8,674","4,110","-1,609",-0.13,-4.7,-1354,-0.16
SENATE,Walker,Perdue ,60,R,"24,159","14,866",0.62,Perdue ,R,59.4,"28,999","22,301",0.77,80,20,"19,327","4,832",79.7,20.3,"23,112","5,887","-4,840",-0.17,0.6,-3785,-0.16
SENATE,Walton,Perdue ,49,R,"45,491","30,068",0.66,Perdue ,R,49.8,"50,738","39,190",0.77,74.5,25.5,"33,891","11,600",74.9,25.1,"38,003","12,735","-5,247",-0.1,-0.8,-4112,-0.11
SENATE,Ware,Perdue ,39,R,"12,202","7,670",0.63,Perdue ,R,41.7,"13,979","10,920",0.78,69.5,30.5,"8,480","3,722",70.85,29.15,"9,904","4,075","-1,777",-0.13,-2.7,-1424,-0.14
SENATE,Warren,Ossoff ,12,D,"2,466","1,901",0.77,Ossoff ,D,9.4,"2,614","2,150",0.82,56,44,"1,381","1,085",54.7,45.3,"1,430","1,184",-148,-0.06,2.6,-49,-0.03
SENATE,Washington,Ossoff ,2,D,"8,529","5,616",0.66,Perdue ,R,1.6,"9,279","6,731",0.73,51,49,"4,350","4,179",50.8,49.2,"4,714","4,565",-750,-0.08,0.4,-364,-0.08
SENATE,Wayne,Perdue ,56,R,"11,212","6,895",0.61,Perdue ,R,56,"12,633","9,664",0.76,78,22,"8,745","2,467",78,22,"9,854","2,779","-1,421",-0.11,0,-1109,-0.11
SENATE,Webster,Perdue ,12,R,"1,254",904,0.72,Perdue ,R,8,"1,372","1,093",0.8,56,44,702,552,54,46,741,631,-118,-0.09,4,-39,-0.05
SENATE,Wheeler,Perdue ,38,R,"2,009","1,201",0.6,Perdue ,R,40.1,"2,258","1,620",0.72,69,31,"1,386",623,70.05,29.95,"1,582",676,-249,-0.11,-2.1,-196,-0.12
SENATE,White,Perdue ,67,R,"13,293","8,778",0.66,Perdue ,R,66.6,"14,716","10,815",0.73,83.5,16.5,"11,100","2,193",83.3,16.7,"12,258","2,458","-1,423",-0.1,0.4,-1158,-0.09
SENATE,Whitfield,Perdue ,42,R,"31,746","17,384",0.55,Perdue ,R,41.3,"36,297","24,356",0.67,71,29,"22,540","9,206",70.65,29.35,"25,644","10,653","-4,551",-0.13,0.7,-3104,-0.12
SENATE,Wilcox,Perdue ,46,R,"2,848","1,606",0.56,Perdue ,R,48.4,"3,230","2,205",0.68,73,27,"2,079",769,74.2,25.8,"2,397",833,-382,-0.12,-2.4,-318,-0.13
SENATE,Wilkes,Perdue ,14,R,"4,529","3,096",0.68,Perdue ,R,15.2,"4,951","3,726",0.75,57,43,"2,582","1,947",57.6,42.4,"2,852","2,099",-422,-0.09,-1.2,-270,-0.09
SENATE,Wilkinson,Perdue ,9,R,"4,307","2,266",0.53,Perdue ,R,12.6,"4,704","2,874",0.61,54.5,45.5,"2,347","1,960",56.3,43.7,"2,648","2,056",-397,-0.08,-3.6,-301,-0.11
SENATE,Worth,Perdue ,46,R,"8,282","4,540",0.55,Perdue ,R,47.8,"9,210","5,845",0.63,73,27,"6,046","2,236",73.9,26.1,"6,806","2,404",-928,-0.1,-1.8,-760,-0.11
SPECIAL,Appling,Loeffler ,56,R,"7,286","4,526",0.62,Collins ,R,58,"8,159","6,115",0.75,78,22,"5,683","1,603",79,21,"6,446","1,713",-873,-0.11,-2,-763,-0.12
SPECIAL,Atkinson,Loeffler ,45,R,"2,648","1,449",0.55,Collins ,R,47.5,"2,995","2,074",0.69,72.5,27.5,"1,920",728,73.75,26.25,"2,209",786,-347,-0.12,-2.5,-289,-0.13
SPECIAL,Bacon,Loeffler ,73,R,"4,131","3,135",0.76,Collins ,R,73.2,"4,512","3,964",0.88,86.5,13.5,"3,573",558,86.6,13.4,"3,907",605,-381,-0.08,-0.2,-334,-0.09
SPECIAL,Baker,Loeffler ,13,R,"1,440",898,0.62,Warnock ,D,13.5,"1,514","1,080",0.71,56.5,43.5,814,626,56.75,43.25,859,655,-74,-0.05,-0.5,-45,-0.05
SPECIAL,Baldwin,Warnock ,4,D,"16,468","12,193",0.74,Warnock ,D,0.6,"17,942","14,527",0.81,52,48,"8,563","7,905",50.3,49.7,"9,025","8,917","-1,474",-0.08,3.4,-462,-0.05
SPECIAL,Banks,Loeffler ,77,R,"7,446","4,982",0.67,Collins ,R,77.6,"8,679","6,898",0.79,88.5,11.5,"6,590",856,88.8,11.2,"7,707",972,"-1,233",-0.14,-0.6,-1117,-0.14
SPECIAL,Barrow,Loeffler ,41,R,"32,077","21,604",0.67,Loeffler ,R,43,"37,190","29,534",0.79,70.5,29.5,"22,614","9,463",71.5,28.5,"26,591","10,599","-5,113",-0.14,-2,-3977,-0.15
SPECIAL,Bartow,Loeffler ,49,R,"42,977","26,949",0.63,Loeffler ,R,49.8,"49,619","37,220",0.75,74.5,25.5,"32,018","10,959",74.9,25.1,"37,165","12,454","-6,642",-0.13,-0.8,-5147,-0.14
SPECIAL,Ben Hill,Loeffler ,23,R,"5,726","4,386",0.77,Collins ,R,26.4,"6,444","5,665",0.88,61.5,38.5,"3,521","2,205",63.2,36.8,"4,073","2,371",-718,-0.11,-3.4,-552,-0.14
SPECIAL,Berrien,Loeffler ,66,R,"6,684","3,938",0.59,Loeffler ,R,66.7,"7,565","5,420",0.72,83,17,"5,548","1,136",83.35,16.65,"6,305","1,260",-881,-0.12,-0.7,-757,-0.12
SPECIAL,Bibb,Warnock ,26,D,"63,527","42,162",0.66,Warnock ,D,23,"69,940","52,993",0.76,63,37,"40,022","23,505",61.5,38.5,"43,013","26,927","-6,413",-0.09,3,-2991,-0.07
SPECIAL,Bleckley,Loeffler ,53,R,"5,112","3,455",0.68,Loeffler ,R,53.3,"5,613","4,374",0.78,76.5,23.5,"3,911","1,201",76.65,23.35,"4,302","1,311",-501,-0.09,-0.3,-391,-0.09
SPECIAL,Brantley,Loeffler ,81,R,"6,612","3,885",0.59,Collins ,R,79.8,"7,388","5,340",0.72,90.5,9.5,"5,984",628,89.9,10.1,"6,642",746,-776,-0.11,1.2,-658,-0.10
SPECIAL,Brooks,Loeffler ,21,R,"6,216","3,903",0.63,Loeffler ,R,22.4,"6,835","4,933",0.72,60.5,39.5,"3,761","2,455",61.2,38.8,"4,183","2,652",-619,-0.09,-1.4,-422,-0.10
SPECIAL,Bryan,Loeffler ,35,R,"18,605","13,542",0.73,Loeffler ,R,36.3,"20,884","17,444",0.84,67.5,32.5,"12,558","6,047",68.15,31.85,"14,232","6,652","-2,279",-0.11,-1.3,-1674,-0.12
SPECIAL,Bulloch,Loeffler ,25,R,"26,135","15,412",0.59,Loeffler ,R,25.4,"29,558","20,417",0.69,62.5,37.5,"16,334","9,801",62.7,37.3,"18,533","11,025","-3,423",-0.12,-0.4,-2199,-0.12
SPECIAL,Burke,Loeffler ,1.1,R,"9,499","5,626",0.59,Warnock ,D,2,"10,465","7,073",0.68,50.55,49.45,"4,802","4,697",51,49,"5,337","5,128",-966,-0.09,-0.9,-535,-0.10
SPECIAL,Butts,Loeffler ,41,R,"10,209","7,722",0.76,Loeffler ,R,42.7,"11,609","10,411",0.9,70.5,29.5,"7,197","3,012",71.35,28.65,"8,283","3,326","-1,400",-0.12,-1.7,-1086,-0.13
SPECIAL,Calhoun,Warnock ,19,D,"2,032","1,364",0.67,Warnock ,D,13.8,"2,156","1,517",0.7,59.5,40.5,"1,209",823,56.9,43.1,"1,227",929,-124,-0.06,5.2,-18,-0.01
SPECIAL,Camden,Loeffler ,31,R,"19,870","12,655",0.64,Loeffler ,R,32.8,"22,917","18,163",0.79,65.5,34.5,"13,015","6,855",66.4,33.6,"15,217","7,700","-3,047",-0.13,-1.8,-2202,-0.14
SPECIAL,Candler,Loeffler ,42,R,"3,918","2,858",0.73,Loeffler ,R,41.9,"4,322","2,239",0.52,71,29,"2,782","1,136",70.95,29.05,"3,066","1,256",-404,-0.09,0.1,-284,-0.09
SPECIAL,Carroll,Loeffler ,37,R,"47,157","27,600",0.59,Loeffler ,R,38.7,"53,687","39,510",0.74,68.5,31.5,"32,303","14,854",69.35,30.65,"37,232","16,455","-6,530",-0.12,-1.7,-4929,-0.13
SPECIAL,Catoosa,Loeffler ,57,R,"27,777","18,424",0.66,Loeffler ,R,57.9,"31,714","25,572",0.81,78.5,21.5,"21,805","5,972",78.95,21.05,"25,038","6,676","-3,937",-0.12,-0.9,-3233,-0.13
SPECIAL,Charlton,Loeffler ,51,R,"3,899","2,319",0.59,Collins ,R,51.7,"4,323","3,031",0.7,75.5,24.5,"2,944",955,75.85,24.15,"3,279","1,044",-424,-0.1,-0.7,-335,-0.10
SPECIAL,Chatham,Warnock ,20,D,"121,257","75,850",0.63,Warnock ,D,17.5,"131,423","94,664",0.72,60,40,"72,754","48,503",58.75,41.25,"77,211","54,212","-10,166",-0.08,2.5,-4457,-0.06
SPECIAL,Chattahoochee,Loeffler ,9,R,"1,321",833,0.63,Warnock ,D,13,"1,534","1,087",0.71,54.5,45.5,720,601,56.5,43.5,867,667,-213,-0.14,-4,-147,-0.17
SPECIAL,Chattooga,Loeffler ,59,R,"8,236","4,943",0.6,Loeffler ,R,58.3,"9,703","6,933",0.71,79.5,20.5,"6,548","1,688",79.15,20.85,"7,680","2,023","-1,467",-0.15,0.7,-1132,-0.15
SPECIAL,Cherokee,Loeffler ,40,R,"127,842","77,095",0.6,Loeffler ,R,40.6,"142,240","111,645",0.78,70,30,"89,489","38,353",70.3,29.7,"99,995","42,245","-14,398",-0.1,-0.6,-10506,-0.11
SPECIAL,Clarke,Warnock ,44,D,"46,196","34,338",0.74,Warnock ,D,38.9,"50,714","41,792",0.82,72,28,"33,261","12,935",69.45,30.55,"35,221","15,493","-4,518",-0.09,5.1,-1960,-0.06
SPECIAL,Clay,Warnock ,11,D,"1,310",921,0.7,Warnock ,D,8.7,"1,409","1,115",0.79,55.5,44.5,727,583,54.35,45.65,766,643,-99,-0.07,2.3,-39,-0.05
SPECIAL,Clayton,Warnock ,77,D,"102,954","79,471",0.77,Warnock ,D,72.1,"111,262","90,591",0.81,88.5,11.5,"91,114","11,840",86.05,13.95,"95,741","15,521","-8,308",-0.07,4.9,-4627,-0.05
SPECIAL,Clinch,Loeffler ,50,R,"2,455","1,486",0.61,Loeffler ,R,50,"2,700","1,901",0.7,75,25,"1,841",614,75,25,"2,025",675,-245,-0.09,0,-184,-0.09
SPECIAL,Cobb,Warnock ,14,D,"358,590","241,564",0.67,Warnock ,D,11.6,"388,966","319,042",0.82,57,43,"204,396","154,194",55.8,44.2,"217,043","171,923","-30,376",-0.08,2.4,-12647,-0.06
SPECIAL,Coffee,Loeffler ,38,R,"13,219","8,685",0.66,Collins ,R,39.6,"14,722","11,122",0.76,69,31,"9,121","4,098",69.8,30.2,"10,276","4,446","-1,503",-0.1,-1.6,-1155,-0.11
SPECIAL,Colquitt,Loeffler ,47,R,"14,057","7,850",0.56,Loeffler ,R,47.8,"15,782","10,439",0.66,73.5,26.5,"10,332","3,725",73.9,26.1,"11,663","4,119","-1,725",-0.11,-0.8,-1331,-0.11
SPECIAL,Columbia,Loeffler ,26,R,"72,133","48,293",0.67,Loeffler ,R,28.6,"79,405","60,847",0.77,63,37,"45,444","26,689",64.3,35.7,"51,057","28,348","-7,272",-0.09,-2.6,-5613,-0.11
SPECIAL,Cook,Loeffler ,39,R,"6,205","4,139",0.67,Loeffler ,R,41.4,"6,914","5,264",0.76,69.5,30.5,"4,312","1,893",70.7,29.3,"4,888","2,026",-709,-0.1,-2.4,-576,-0.12
SPECIAL,Coweta,Loeffler ,35,R,"67,287","39,692",0.59,Loeffler ,R,36.2,"75,642","51,868",0.69,67.5,32.5,"45,419","21,868",68.1,31.9,"51,512","24,130","-8,355",-0.11,-1.2,-6093,-0.12
SPECIAL,Crawford,Loeffler ,44,R,"5,371","3,541",0.66,Loeffler ,R,44.4,"5,998","4,588",0.76,72,28,"3,867","1,504",72.2,27.8,"4,331","1,667",-627,-0.1,-0.4,-464,-0.11
SPECIAL,Crisp,Loeffler ,24,R,"7,138","5,123",0.72,Loeffler ,R,26.3,"7,885","6,346",0.8,62,38,"4,426","2,712",63.15,36.85,"4,979","2,906",-747,-0.09,-2.3,-553,-0.11
SPECIAL,Dade,Loeffler ,65,R,"6,338","3,819",0.6,Loeffler ,R,64.8,"7,157","4,945",0.69,82.5,17.5,"5,229","1,109",82.4,17.6,"5,897","1,260",-819,-0.11,0.2,-668,-0.11
SPECIAL,Dawson,Loeffler ,68,R,"14,387","10,702",0.74,Collins ,R,69.3,"15,853","13,249",0.84,84,16,"12,085","2,302",84.65,15.35,"13,420","2,433","-1,466",-0.09,-1.3,-1335,-0.10
SPECIAL,Decatur,Loeffler ,18,R,"10,047","6,727",0.67,Collins ,R,18.3,"11,319","9,077",0.8,59,41,"5,928","4,119",59.15,40.85,"6,695","4,624","-1,272",-0.11,-0.3,-767,-0.11
SPECIAL,DeKalb,Warnock ,68,D,"349,381","283,340",0.81,Warnock ,D,65.5,"367,133","319,201",0.87,84,16,"293,480","55,901",82.75,17.25,"303,803","63,330","-17,752",-0.05,2.5,-10323,-0.03
SPECIAL,Dodge,Loeffler ,44,R,"7,181","4,088",0.57,Loeffler ,R,46.3,"7,890","5,021",0.64,72,28,"5,170","2,011",73.15,26.85,"5,772","2,118",-709,-0.09,-2.3,-602,-0.10
SPECIAL,Dooly,Loeffler ,3,R,"3,744","2,482",0.66,Warnock ,D,7.2,"4,005","3,071",0.77,51.5,48.5,"1,928","1,816",53.6,46.4,"2,147","1,858",-261,-0.07,-4.2,-219,-0.10
SPECIAL,Dougherty,Warnock ,42,D,"32,113","20,058",0.62,Warnock ,D,38.9,"34,876","23,170",0.66,71,29,"22,800","9,313",69.45,30.55,"24,221","10,655","-2,763",-0.08,3.1,-1421,-0.06
SPECIAL,Douglas,Warnock ,30,D,"62,373","48,553",0.78,Warnock ,D,25.7,"68,441","57,429",0.84,65,35,"40,542","21,831",62.85,37.15,"43,015","25,426","-6,068",-0.09,4.3,-2473,-0.06
SPECIAL,Early,Loeffler ,5,R,"4,549","2,850",0.63,Collins ,R,9.8,"4,969","3,576",0.72,52.5,47.5,"2,388","2,161",54.9,45.1,"2,728","2,241",-420,-0.08,-4.8,-340,-0.12
SPECIAL,Echols,Loeffler ,78,R,"1,186",806,0.68,Loeffler ,R,75.2,"1,381","1,139",0.82,89,11,"1,056",130,87.6,12.4,"1,210",171,-195,-0.14,2.8,-154,-0.13
SPECIAL,Effingham,Loeffler ,49,R,"27,819","16,424",0.59,Loeffler ,R,49.2,"30,974","21,812",0.7,74.5,25.5,"20,725","7,094",74.6,25.4,"23,107","7,867","-3,155",-0.1,-0.2,-2382,-0.10
SPECIAL,Elbert,Loeffler ,38,R,"8,013","5,074",0.63,Collins ,R,39,"8,982","6,649",0.74,69,31,"5,529","2,484",69.5,30.5,"6,242","2,740",-969,-0.11,-1,-713,-0.11
SPECIAL,Emanuel,Loeffler ,39,R,"8,356","4,703",0.56,Loeffler ,R,38.4,"9,191","5,889",0.64,69.5,30.5,"5,807","2,549",69.2,30.8,"6,360","2,831",-835,-0.09,0.6,-553,-0.09
SPECIAL,Evans,Loeffler ,36,R,"3,740","2,772",0.74,Loeffler ,R,38.1,"4,147","3,450",0.83,68,32,"2,543","1,197",69.05,30.95,"2,864","1,283",-407,-0.1,-2.1,-321,-0.11
SPECIAL,Fannin,Loeffler ,64,R,"13,440","8,136",0.61,Collins ,R,65.3,"14,571","10,047",0.69,82,18,"11,021","2,419",82.65,17.35,"12,043","2,528","-1,131",-0.08,-1.3,-1022,-0.08
SPECIAL,Fayette,Loeffler ,7,R,"67,391","50,683",0.75,Warnock ,D,8.6,"70,942","60,952",0.86,53.5,46.5,"36,054","31,337",54.3,45.7,"38,522","32,420","-3,551",-0.05,-1.6,-2468,-0.06
SPECIAL,Floyd,Loeffler ,39,R,"35,793","21,835",0.61,Loeffler ,R,40.9,"40,930","30,704",0.75,69.5,30.5,"24,876","10,917",70.45,29.55,"28,835","12,095","-5,137",-0.13,-1.9,-3959,-0.14
SPECIAL,Forsyth,Loeffler ,35,R,"115,138","86,918",0.75,Loeffler ,R,36.1,"127,000","113,790",0.9,67.5,32.5,"77,718","37,420",68.05,31.95,"86,424","40,577","-11,862",-0.09,-1.1,-8706,-0.10
SPECIAL,Franklin,Loeffler ,71,R,"9,185","5,542",0.6,Collins ,R,71.3,"10,586","7,968",0.75,85.5,14.5,"7,853","1,332",85.65,14.35,"9,067","1,519","-1,401",-0.13,-0.3,-1214,-0.13
SPECIAL,Fulton,Warnock ,45,D,"488,085","382,921",0.78,Warnock ,D,43,"517,607","455,801",0.88,72.5,27.5,"353,862","134,223",71.5,28.5,"370,089","147,518","-29,522",-0.06,2,-16227,-0.04
SPECIAL,Gilmer,Loeffler ,64,R,"14,829","9,229",0.62,Collins ,R,64.6,"16,201","11,420",0.7,82,18,"12,160","2,669",82.3,17.7,"13,333","2,868","-1,372",-0.08,-0.6,-1173,-0.09
SPECIAL,Glascock,Loeffler ,81,R,"1,364",825,0.6,Loeffler ,R,78.2,"1,500","1,073",0.72,90.5,9.5,"1,234",130,89.1,10.9,"1,337",164,-136,-0.09,2.8,-103,-0.08
SPECIAL,Glynn,Loeffler ,25,R,"37,429","27,921",0.75,Loeffler ,R,26,"40,768","33,932",0.83,62.5,37.5,"23,393","14,036",63,37,"25,684","15,084","-3,339",-0.08,-1,-2291,-0.09
SPECIAL,Gordon,Loeffler ,61,R,"20,354","11,468",0.56,Loeffler ,R,61.4,"23,470","15,575",0.66,80.5,19.5,"16,385","3,969",80.7,19.3,"18,940","4,530","-3,116",-0.13,-0.4,-2555,-0.13
SPECIAL,Grady,Loeffler ,33,R,"9,328","5,880",0.63,Collins ,R,33.5,"10,406","7,791",0.75,66.5,33.5,"6,203","3,125",66.75,33.25,"6,946","3,460","-1,078",-0.1,-0.5,-743,-0.11
SPECIAL,Greene,Loeffler ,29,R,"10,613","8,406",0.79,Collins ,R,29.7,"11,123","9,681",0.87,64.5,35.5,"6,845","3,768",64.85,35.15,"7,213","3,910",-510,-0.05,-0.7,-368,-0.05
SPECIAL,Gwinnett,Warnock ,21,D,"369,794","272,157",0.74,Warnock ,D,17,"402,715","330,274",0.82,60.5,39.5,"223,725","146,069",58.5,41.5,"235,588","167,127","-32,921",-0.08,4,-11863,-0.05
SPECIAL,Habersham,Loeffler ,64,R,"18,019","13,637",0.76,Collins ,R,65,"20,122","16,967",0.84,82,18,"14,776","3,243",82.5,17.5,"16,601","3,521","-2,103",-0.1,-1,-1825,-0.11
SPECIAL,Hall,Loeffler ,44,R,"79,014","53,080",0.67,Collins ,R,45.6,"89,495","74,332",0.83,72,28,"56,890","22,124",72.8,27.2,"65,152","24,343","-10,481",-0.12,-1.6,-8262,-0.13
SPECIAL,Hancock,Warnock ,45,D,"3,838","2,883",0.75,Warnock ,D,42.2,"4,089","3,190",0.78,72.5,27.5,"2,783","1,055",71.1,28.9,"2,907","1,182",-251,-0.06,2.8,-124,-0.04
SPECIAL,Haralson,Loeffler ,73,R,"12,159","6,662",0.55,Loeffler ,R,72.5,"13,969","9,319",0.67,86.5,13.5,"10,518","1,641",86.25,13.75,"12,048","1,921","-1,810",-0.13,0.5,-1530,-0.13
SPECIAL,Harris,Loeffler ,45,R,"18,292","10,452",0.57,Loeffler ,R,45.9,"19,738","12,845",0.65,72.5,27.5,"13,262","5,030",72.95,27.05,"14,399","5,339","-1,446",-0.07,-0.9,-1137,-0.08
SPECIAL,Hart,Loeffler ,49,R,"11,201","7,280",0.65,Collins ,R,53.2,"12,354","9,490",0.77,74.5,25.5,"8,345","2,856",76.6,23.4,"9,463","2,891","-1,153",-0.09,-4.2,-1118,-0.12
SPECIAL,Heard,Loeffler ,66,R,"4,678","2,615",0.56,Loeffler ,R,66.8,"5,247","3,454",0.66,83,17,"3,883",795,83.4,16.6,"4,376",871,-569,-0.11,-0.8,-493,-0.11
SPECIAL,Henry,Warnock ,25,D,"109,400","83,351",0.76,Warnock ,D,21,"121,470","104,892",0.86,62.5,37.5,"68,375","41,025",60.5,39.5,"73,489","47,981","-12,070",-0.1,4,-5114,-0.07
SPECIAL,Houston,Loeffler ,10,R,"66,393","47,225",0.71,Loeffler ,R,13.1,"73,818","55,560",0.75,55,45,"36,516","29,877",56.55,43.45,"41,744","32,074","-7,425",-0.1,-3.1,-5228,-0.13
SPECIAL,Irwin,Loeffler ,51,R,"3,617","2,434",0.67,Loeffler ,R,51.8,"4,093","3,215",0.79,75.5,24.5,"2,731",886,75.9,24.1,"3,107",986,-476,-0.12,-0.8,-376,-0.12
SPECIAL,Jackson,Loeffler ,57,R,"32,583","22,203",0.68,Collins ,R,58.5,"37,156","31,116",0.84,78.5,21.5,"25,578","7,005",79.25,20.75,"29,446","7,710","-4,573",-0.12,-1.5,-3868,-0.13
SPECIAL,Jasper,Loeffler ,51,R,"6,803","4,522",0.66,Loeffler ,R,52.7,"7,537","5,685",0.75,75.5,24.5,"5,136","1,667",76.35,23.65,"5,754","1,783",-734,-0.1,-1.7,-618,-0.11
SPECIAL,Jeff Davis,Loeffler ,63,R,"5,080","3,028",0.6,Collins ,R,62.8,"5,603","3,983",0.71,81.5,18.5,"4,140",940,81.4,18.6,"4,561","1,042",-523,-0.09,0.2,-421,-0.09
SPECIAL,Jefferson,Warnock ,9,D,"6,926","4,324",0.62,Warnock ,D,5.8,"7,462","5,321",0.71,54.5,45.5,"3,775","3,151",52.9,47.1,"3,947","3,515",-536,-0.07,3.2,-172,-0.04
SPECIAL,Jenkins,Loeffler ,25,R,"3,114","2,100",0.67,Loeffler ,R,25.8,"3,366","2,500",0.74,62.5,37.5,"1,946","1,168",62.9,37.1,"2,117","1,249",-252,-0.07,-0.8,-171,-0.08
SPECIAL,Johnson,Loeffler ,41,R,"3,576","2,369",0.66,Loeffler ,R,41.3,"3,961","2,997",0.76,70.5,29.5,"2,521","1,055",70.65,29.35,"2,798","1,163",-385,-0.1,-0.3,-277,-0.10
SPECIAL,Jones,Loeffler ,32,R,"13,337","8,171",0.61,Loeffler ,R,33.8,"14,754","10,905",0.74,66,34,"8,802","4,535",66.9,33.1,"9,870","4,884","-1,417",-0.1,-1.8,-1068,-0.11
SPECIAL,Lamar,Loeffler ,39,R,"7,986","4,781",0.6,Loeffler ,R,40.1,"8,943","6,700",0.75,69.5,30.5,"5,550","2,436",70.05,29.95,"6,265","2,678",-957,-0.11,-1.1,-715,-0.11
SPECIAL,Lanier,Loeffler ,40,R,"3,036","2,069",0.68,Loeffler ,R,43.5,"3,428","2,771",0.81,70,30,"2,125",911,71.75,28.25,"2,460",968,-392,-0.11,-3.5,-335,-0.14
SPECIAL,Laurens,Loeffler ,27,R,"20,241","11,623",0.57,Collins ,R,28,"22,325","14,852",0.67,63.5,36.5,"12,853","7,388",64,36,"14,288","8,037","-2,084",-0.09,-1,-1435,-0.10
SPECIAL,Lee,Loeffler ,43,R,"14,897","9,438",0.63,Loeffler ,R,44.7,"16,458","12,525",0.76,71.5,28.5,"10,651","4,246",72.35,27.65,"11,907","4,551","-1,561",-0.09,-1.7,-1256,-0.11
SPECIAL,Liberty,Warnock ,30,D,"18,332","13,980",0.76,Warnock ,D,24.5,"20,953","17,547",0.84,65,35,"11,916","6,416",62.25,37.75,"13,043","7,910","-2,621",-0.13,5.5,-1127,-0.09
SPECIAL,Lincoln,Loeffler ,38,R,"4,220","2,798",0.66,Loeffler ,R,38.1,"4,561","3,398",0.75,69,31,"2,912","1,308",69.05,30.95,"3,149","1,412",-341,-0.07,-0.1,-237,-0.08
SPECIAL,Long,Loeffler ,22,R,"4,638","2,806",0.61,Loeffler ,R,24.4,"5,520","4,008",0.73,61,39,"2,829","1,809",62.2,37.8,"3,433","2,087",-882,-0.16,-2.4,-604,-0.18
SPECIAL,Lowndes,Loeffler ,13,R,"39,837","28,001",0.7,Loeffler ,R,14.6,"45,145","36,591",0.81,56.5,43.5,"22,508","17,329",57.3,42.7,"25,868","19,277","-5,308",-0.12,-1.6,-3360,-0.13
SPECIAL,Lumpkin,Loeffler ,58,R,"13,699","10,304",0.75,Collins ,R,59.5,"15,324","12,963",0.85,79,21,"10,822","2,877",79.75,20.25,"12,221","3,103","-1,625",-0.11,-1.5,-1399,-0.11
SPECIAL,Macon,Warnock ,26,D,"4,276","3,108",0.73,Warnock ,D,22.2,"4,553","3,523",0.77,63,37,"2,694","1,582",61.1,38.9,"2,782","1,771",-277,-0.06,3.8,-88,-0.03
SPECIAL,Madison,Loeffler ,53,R,"13,203","8,239",0.62,Collins ,R,52.9,"14,674","10,432",0.71,76.5,23.5,"10,100","3,103",76.45,23.55,"11,218","3,456","-1,471",-0.1,0.1,-1118,-0.10
SPECIAL,Marion,Loeffler ,24,R,"3,211","2,081",0.65,Loeffler ,R,26.6,"3,550","2,576",0.73,62,38,"1,991","1,220",63.3,36.7,"2,247","1,303",-339,-0.1,-2.6,-256,-0.11
SPECIAL,McDuffie,Loeffler ,19,R,"9,232","6,959",0.75,Loeffler ,R,20.6,"10,307","8,870",0.86,59.5,40.5,"5,493","3,739",60.3,39.7,"6,215","4,092","-1,075",-0.1,-1.6,-722,-0.12
SPECIAL,McIntosh,Loeffler ,19,R,"5,948","4,386",0.74,Loeffler ,R,21.6,"6,494","5,253",0.81,59.5,40.5,"3,539","2,409",60.8,39.2,"3,948","2,546",-546,-0.08,-2.6,-409,-0.10
SPECIAL,Meriwether,Loeffler ,18,R,"9,844","5,869",0.6,Loeffler ,R,19.6,"10,694","7,304",0.68,59,41,"5,808","4,036",59.8,40.2,"6,395","4,299",-850,-0.08,-1.6,-587,-0.09
SPECIAL,Miller,Loeffler ,47,R,"2,454","1,658",0.68,Collins ,R,49.4,"2,643","1,974",0.75,73.5,26.5,"1,804",650,74.7,25.3,"1,974",669,-189,-0.07,-2.4,-170,-0.09
SPECIAL,Mitchell,Loeffler ,9,R,"7,869","5,122",0.65,Warnock ,D,11.9,"8,810","6,443",0.73,54.5,45.5,"4,289","3,580",55.95,44.05,"4,929","3,881",-941,-0.11,-2.9,-640,-0.13
SPECIAL,Monroe,Loeffler ,43,R,"14,115","9,340",0.66,Loeffler ,R,42.8,"15,345","11,564",0.75,71.5,28.5,"10,092","4,023",71.4,28.6,"10,956","4,389","-1,230",-0.08,0.2,-864,-0.08
SPECIAL,Montgomery,Loeffler ,49,R,"3,526","1,922",0.55,Loeffler ,R,49.8,"3,838","2,503",0.65,74.5,25.5,"2,627",899,74.9,25.1,"2,875",963,-312,-0.08,-0.8,-248,-0.09
SPECIAL,Morgan,Loeffler ,42,R,"10,825","7,654",0.71,Loeffler ,R,42.8,"11,565","9,178",0.79,71,29,"7,686","3,139",71.4,28.6,"8,257","3,308",-740,-0.06,-0.8,-571,-0.07
SPECIAL,Murray,Loeffler ,69,R,"12,994","7,557",0.58,Loeffler ,R,69.4,"14,731","10,480",0.71,84.5,15.5,"10,980","2,014",84.7,15.3,"12,477","2,254","-1,737",-0.12,-0.4,-1497,-0.12
SPECIAL,Muscogee,Warnock ,26,D,"71,522","54,725",0.77,Warnock ,D,22.7,"79,348","66,079",0.83,63,37,"45,059","26,463",61.35,38.65,"48,680","30,668","-7,826",-0.1,3.3,-3621,-0.07
SPECIAL,Newton,Warnock ,16,D,"48,817","32,665",0.67,Warnock ,D,11.8,"53,572","35,820",0.67,58,42,"28,314","20,503",55.9,44.1,"29,947","23,625","-4,755",-0.09,4.2,-1633,-0.05
SPECIAL,Oconee,Loeffler ,36,R,"23,537","17,846",0.76,Loeffler ,R,37.4,"24,909","21,432",0.86,68,32,"16,005","7,532",68.7,31.3,"17,112","7,797","-1,372",-0.06,-1.4,-1107,-0.06
SPECIAL,Oglethorpe,Loeffler ,37,R,"7,218","5,237",0.73,Loeffler ,R,38.5,"7,970","6,502",0.82,68.5,31.5,"4,944","2,274",69.25,30.75,"5,519","2,451",-752,-0.09,-1.5,-575,-0.10
SPECIAL,Paulding,Loeffler ,26,R,"73,954","53,005",0.72,Loeffler ,R,28.5,"83,986","70,392",0.84,63,37,"46,591","27,363",64.25,35.75,"53,961","30,025","-10,032",-0.12,-2.5,-7370,-0.14
SPECIAL,Peach,Loeffler ,3,R,"11,051","8,485",0.77,Warnock ,D,4.9,"12,352","10,573",0.86,51.5,48.5,"5,691","5,360",52.45,47.55,"6,479","5,873","-1,301",-0.11,-1.9,-788,-0.12
SPECIAL,Pickens,Loeffler ,66,R,"15,144","7,688",0.51,Collins ,R,66.1,"16,836","10,221",0.61,83,17,"12,570","2,574",83.05,16.95,"13,982","2,854","-1,692",-0.1,-0.1,-1412,-0.10
SPECIAL,Pierce,Loeffler ,76,R,"7,927","5,459",0.69,Collins ,R,75.5,"8,786","7,482",0.85,88,12,"6,976",951,87.75,12.25,"7,710","1,076",-859,-0.1,0.5,-734,-0.10
SPECIAL,Pike,Loeffler ,71,R,"9,632","5,819",0.6,Loeffler ,R,70.7,"10,576","7,965",0.75,85.5,14.5,"8,235","1,397",85.35,14.65,"9,027","1,549",-944,-0.09,0.3,-792,-0.09
SPECIAL,Polk,Loeffler ,55,R,"14,850","10,287",0.69,Loeffler ,R,55.6,"17,018","13,579",0.8,77.5,22.5,"11,509","3,341",77.8,22.2,"13,240","3,778","-2,168",-0.13,-0.6,-1731,-0.13
SPECIAL,Pulaski,Loeffler ,38,R,"3,681","2,811",0.76,Loeffler ,R,39.2,"3,979","3,484",0.88,69,31,"2,540","1,141",69.6,30.4,"2,769","1,210",-298,-0.07,-1.2,-229,-0.08
SPECIAL,Putnam,Loeffler ,41,R,"10,833","8,085",0.75,Loeffler ,R,41.5,"11,694","9,482",0.81,70.5,29.5,"7,637","3,196",70.75,29.25,"8,274","3,420",-861,-0.07,-0.5,-637,-0.08
SPECIAL,Quitman,Loeffler ,8,R,"1,012",654,0.65,Loeffler ,R,10.8,"1,077",767,0.71,54,46,546,466,55.4,44.6,597,480,-65,-0.06,-2.8,-51,-0.09
SPECIAL,Rabun,Loeffler ,56,R,"8,401","6,791",0.81,Collins ,R,59.4,"9,386","8,005",0.85,78,22,"6,553","1,848",79.7,20.3,"7,481","1,905",-985,-0.1,-3.4,-928,-0.12
SPECIAL,Randolph,Warnock ,13,D,"2,967","2,120",0.71,Warnock ,D,8.8,"3,022","2,303",0.76,56.5,43.5,"1,676","1,291",54.4,45.6,"1,644","1,378",-55,-0.02,4.2,32,0.02
SPECIAL,Richmond,Warnock ,39,D,"77,264","53,342",0.69,Warnock ,D,36.1,"85,744","65,018",0.76,69.5,30.5,"53,698","23,566",68.05,31.95,"58,349","27,395","-8,480",-0.1,2.9,-4651,-0.08
SPECIAL,Rockdale,Warnock ,45,D,"40,717","31,599",0.78,Warnock ,D,41.4,"44,212","38,048",0.86,72.5,27.5,"29,520","11,197",70.7,29.3,"31,258","12,954","-3,495",-0.08,3.6,-1738,-0.06
SPECIAL,Schley,Loeffler ,57,R,"2,056","1,469",0.71,Collins ,R,59.1,"2,226","1,863",0.84,78.5,21.5,"1,614",442,79.55,20.45,"1,771",455,-170,-0.08,-2.1,-157,-0.09
SPECIAL,Screven,Loeffler ,18,R,"5,923","3,752",0.63,Loeffler ,R,19.4,"6,457","4,599",0.71,59,41,"3,495","2,428",59.7,40.3,"3,855","2,602",-534,-0.08,-1.4,-360,-0.09
SPECIAL,Seminole,Loeffler ,35,R,"3,500","1,950",0.56,Collins ,R,37.3,"3,743","2,535",0.68,67.5,32.5,"2,363","1,138",68.65,31.35,"2,570","1,173",-243,-0.06,-2.3,-207,-0.08
SPECIAL,Spalding,Loeffler ,18,R,"26,926","18,785",0.7,Loeffler ,R,20.3,"29,713","21,033",0.71,59,41,"15,886","11,040",60.15,39.85,"17,872","11,841","-2,787",-0.09,-2.3,-1986,-0.11
SPECIAL,Stephens,Loeffler ,59,R,"10,034","7,926",0.79,Collins ,R,62,"11,638","10,112",0.87,79.5,20.5,"7,977","2,057",81,19,"9,427","2,211","-1,604",-0.14,-3,-1450,-0.15
SPECIAL,Stewart,Warnock ,24,D,"1,803","1,216",0.67,Warnock ,D,19.3,"1,906","1,401",0.74,62,38,"1,118",685,59.65,40.35,"1,137",769,-103,-0.05,4.7,-19,-0.02
SPECIAL,Sumter,Warnock ,6,D,"11,079","8,012",0.72,Warnock ,D,4.6,"11,978","9,297",0.78,53,47,"5,872","5,207",52.3,47.7,"6,264","5,714",-899,-0.08,1.4,-392,-0.06
SPECIAL,Talbot,Warnock ,22,D,"3,188","2,060",0.65,Warnock ,D,18.4,"3,452","2,455",0.71,61,39,"1,945","1,243",59.2,40.8,"2,044","1,408",-264,-0.08,3.6,-99,-0.05
SPECIAL,Taliaferro,Warnock ,21,D,847,590,0.7,Warnock ,D,19.5,884,690,0.78,60.5,39.5,512,335,59.75,40.25,528,356,-37,-0.04,1.5,-16,-0.03
SPECIAL,Tattnall,Loeffler ,48,R,"7,215","4,503",0.62,Loeffler ,R,49.1,"7,937","6,025",0.76,74,26,"5,339","1,876",74.55,25.45,"5,917","2,020",-722,-0.09,-1.1,-578,-0.10
SPECIAL,Taylor,Loeffler ,22,R,"3,473","2,397",0.69,Loeffler ,R,27.2,"3,769","3,129",0.83,61,39,"2,119","1,354",63.6,36.4,"2,397","1,372",-296,-0.08,-5.2,-278,-0.12
SPECIAL,Telfair,Loeffler ,30,R,"3,845","2,405",0.63,Collins ,R,29.6,"4,189","2,951",0.7,65,35,"2,499","1,346",64.8,35.2,"2,714","1,475",-344,-0.08,0.4,-215,-0.08
SPECIAL,Terrell,Warnock ,10,D,"4,123","2,740",0.66,Warnock ,D,6.3,"4,348","3,120",0.72,55,45,"2,268","1,855",53.15,46.85,"2,311","2,037",-225,-0.05,3.7,-43,-0.02
SPECIAL,Thomas,Loeffler ,21,R,"19,233","13,867",0.72,Collins ,R,22.2,"21,253","17,131",0.81,60.5,39.5,"11,636","7,597",61.1,38.9,"12,986","8,267","-2,020",-0.1,-1.2,-1350,-0.10
SPECIAL,Tift,Loeffler ,34,R,"14,418","9,627",0.67,Loeffler ,R,35,"15,987","12,152",0.76,67,33,"9,660","4,758",67.5,32.5,"10,791","5,196","-1,569",-0.1,-1,-1131,-0.10
SPECIAL,Toombs,Loeffler ,46,R,"9,409","6,523",0.69,Collins ,R,45.9,"10,651","8,288",0.78,73,27,"6,869","2,540",72.95,27.05,"7,770","2,881","-1,242",-0.12,0.1,-901,-0.12
SPECIAL,Towns,Loeffler ,61,R,"7,234","5,694",0.79,Collins ,R,61,"7,847","6,737",0.86,80.5,19.5,"5,823","1,411",80.5,19.5,"6,317","1,530",-613,-0.08,0,-494,-0.08
SPECIAL,Treutlen,Loeffler ,37,R,"2,713","1,929",0.71,Loeffler ,R,38.3,"2,965","2,434",0.82,68.5,31.5,"1,858",855,69.15,30.85,"2,050",915,-252,-0.08,-1.3,-192,-0.09
SPECIAL,Troup,Loeffler ,19,R,"26,306","17,403",0.66,Loeffler ,R,22.1,"29,538","22,009",0.75,59.5,40.5,"15,652","10,654",61.05,38.95,"18,033","11,505","-3,232",-0.11,-3.1,-2381,-0.13
SPECIAL,Turner,Loeffler ,23,R,"3,412","2,489",0.73,Loeffler ,R,25.5,"3,717","3,016",0.81,61.5,38.5,"2,098","1,314",62.75,37.25,"2,332","1,385",-305,-0.08,-2.5,-234,-0.10
SPECIAL,Twiggs,Loeffler ,4,R,"3,938","2,440",0.62,Warnock ,D,7.4,"4,344","3,083",0.71,52,48,"2,048","1,890",53.7,46.3,"2,333","2,011",-406,-0.09,-3.4,-285,-0.12
SPECIAL,Union,Loeffler ,64,R,"14,174","9,858",0.7,Collins ,R,64,"15,362","11,675",0.76,82,18,"11,623","2,551",82,18,"12,597","2,765","-1,188",-0.08,0,-974,-0.08
SPECIAL,Upson,Loeffler ,31,R,"11,184","7,938",0.71,Loeffler ,R,33.2,"12,723","10,714",0.84,65.5,34.5,"7,326","3,858",66.6,33.4,"8,474","4,249","-1,539",-0.12,-2.2,-1148,-0.14
SPECIAL,Walker,Loeffler ,60,R,"24,145","14,851",0.62,Loeffler ,R,60.9,"28,536","22,256",0.78,80,20,"19,316","4,829",80.45,19.55,"22,957","5,579","-4,391",-0.15,-0.9,-3641,-0.16
SPECIAL,Walton,Loeffler ,48,R,"45,486","30,070",0.66,Loeffler ,R,49.2,"50,408","38,995",0.77,74,26,"33,660","11,826",74.6,25.4,"37,604","12,804","-4,922",-0.1,-1.2,-3944,-0.10
SPECIAL,Ware,Loeffler ,39,R,"12,209","7,680",0.63,Collins ,R,40.6,"13,748","10,761",0.78,69.5,30.5,"8,485","3,724",70.3,29.7,"9,665","4,083","-1,539",-0.11,-1.6,-1180,-0.12
SPECIAL,Warren,Warnock ,13,D,"2,467","1,903",0.77,Warnock ,D,10.7,"2,584","2,129",0.82,56.5,43.5,"1,394","1,073",55.35,44.65,"1,430","1,154",-117,-0.05,2.3,-36,-0.03
SPECIAL,Washington,Warnock ,3,D,"8,542","5,628",0.66,Warnock ,D,0.3,"9,197","6,675",0.73,51.5,48.5,"4,399","4,143",50.15,49.85,"4,612","4,585",-655,-0.07,2.7,-213,-0.05
SPECIAL,Wayne,Loeffler ,56,R,"11,212","6,896",0.62,Loeffler ,R,56.8,"12,473","9,562",0.77,78,22,"8,745","2,467",78.4,21.6,"9,779","2,694","-1,261",-0.1,-0.8,-1034,-0.11
SPECIAL,Webster,Loeffler ,12,R,"1,256",906,0.72,Warnock ,D,6.6,"1,359","1,082",0.8,56,44,703,553,53.3,46.7,724,635,-103,-0.08,5.4,-21,-0.03
SPECIAL,Wheeler,Loeffler ,37,R,"2,008","1,200",0.6,Collins ,R,38.9,"2,228","1,608",0.72,68.5,31.5,"1,375",633,69.45,30.55,"1,547",681,-220,-0.1,-1.9,-172,-0.11
SPECIAL,White,Loeffler ,66,R,"13,290","8,776",0.66,Collins ,R,67.3,"14,646","10,785",0.74,83,17,"11,031","2,259",83.65,16.35,"12,251","2,395","-1,356",-0.09,-1.3,-1220,-0.10
SPECIAL,Whitfield,Loeffler ,42,R,"31,728","17,373",0.55,Loeffler ,R,42.7,"35,593","23,962",0.67,71,29,"22,527","9,201",71.35,28.65,"25,396","10,197","-3,865",-0.11,-0.7,-2869,-0.11
SPECIAL,Wilcox,Loeffler ,46,R,"2,851","1,608",0.56,Loeffler ,R,46.2,"3,218","2,204",0.68,73,27,"2,081",770,73.1,26.9,"2,352",866,-367,-0.11,-0.2,-271,-0.12
SPECIAL,Wilkes,Loeffler ,14,R,"4,537","3,102",0.68,Loeffler ,R,15,"4,905","3,707",0.76,57,43,"2,586","1,951",57.5,42.5,"2,820","2,085",-368,-0.08,-1,-234,-0.08
SPECIAL,Wilkinson,Loeffler ,8,R,"4,318","2,273",0.53,Warnock ,D,11.9,"4,689","2,869",0.61,54,46,"2,332","1,986",55.95,44.05,"2,623","2,066",-371,-0.08,-3.9,-291,-0.11
SPECIAL,Worth,Loeffler ,46,R,"8,282","4,542",0.55,Loeffler ,R,47.6,"9,129","5,802",0.64,73,27,"6,046","2,236",73.8,26.2,"6,737","2,392",-847,-0.09,-1.6,-691,-0.10
